{
    "camera_position": [
        35.6712036132812,
        28.0386734008789
    ],
    "camera_viewport": [
        -168.084060668945,
        -107.79808807373,
        407.510528564453,
        271.673522949219
    ]
}